{
  "__trial_index__": 0,
  "batch_size": 14,
  "beta1": 0.9,
  "beta2": 0.999,
  "lr": 9.890226175431418e-07,
  "weight_decay": 0.001441275631498248
}