{
  "__trial_index__": 0,
  "batch_size": 14,
  "beta1": 0.9,
  "beta2": 0.999,
  "lr": 6.566934678367639e-06,
  "weight_decay": 0.03509727814870828
}