{
  "__trial_index__": 0,
  "batch_size": 14,
  "beta1": 0.9,
  "beta2": 0.999,
  "lr": 5.183938824463163e-07,
  "weight_decay": 0.0018980504829206849
}