{
  "__trial_index__": 0,
  "batch_size": 14,
  "beta1": 0.9,
  "beta2": 0.999,
  "lr": 1.2053135944561426e-08,
  "weight_decay": 8.669219738149806e-05
}