{
  "__trial_index__": 0,
  "batch_size": 14,
  "beta1": 0.9,
  "beta2": 0.999,
  "lr": 0.0012134882085154237,
  "weight_decay": 1.3602984953647424e-05
}