{
  "__trial_index__": 0,
  "batch_size": 8,
  "beta1": 0.9,
  "beta2": 0.999,
  "classfication_dim_stride": 39,
  "lr": 4.3537438829548634e-05,
  "weight_decay": 5.802254809552258e-05
}