{
  "__trial_index__": 0,
  "batch_size": 14,
  "beta1": 0.9,
  "beta2": 0.999,
  "lr": 1.769400434509495e-05,
  "weight_decay": 5.8215516679627655e-05
}