{
  "__trial_index__": 0,
  "batch_size": 14,
  "beta1": 0.9,
  "beta2": 0.999,
  "lr": 3.3399456910702997e-06,
  "weight_decay": 0.006817272239126902
}