{
  "__trial_index__": 0,
  "batch_size": 14,
  "beta1": 0.9,
  "beta2": 0.999,
  "lr": 2.623232614040381e-07,
  "weight_decay": 5.9426616171652685e-05
}