{
  "__trial_index__": 0,
  "batch_size": 8,
  "beta1": 0.9,
  "beta2": 0.999,
  "classfication_dim_stride": 94,
  "lr": 1.3199737279135663e-06,
  "weight_decay": 3.849080555974188e-05
}