{
  "__trial_index__": 0,
  "batch_size": 14,
  "beta1": 0.9,
  "beta2": 0.999,
  "lr": 1.831619798953926e-06,
  "weight_decay": 0.0020976734598187373
}