{
  "__trial_index__": 0,
  "batch_size": 14,
  "beta1": 0.9,
  "beta2": 0.999,
  "lr": 0.00013283493714063703,
  "weight_decay": 7.103993731133183e-05
}