{
  "__trial_index__": 0,
  "batch_size": 8,
  "beta1": 0.9,
  "beta2": 0.999,
  "classfication_dim_stride": 147,
  "lr": 1.734209178075043e-05,
  "weight_decay": 4.449139671656402e-05
}