{
  "__trial_index__": 0,
  "batch_size": 14,
  "beta1": 0.9,
  "beta2": 0.999,
  "lr": 9.951986182917743e-06,
  "weight_decay": 0.0048002081660693426
}