{
  "__trial_index__": 0,
  "batch_size": 14,
  "beta1": 0.9,
  "beta2": 0.999,
  "lr": 5.2926925565500774e-06,
  "weight_decay": 0.0005246802613481463
}