{
  "__trial_index__": 0,
  "batch_size": 14,
  "beta1": 0.9,
  "beta2": 0.999,
  "lr": 2.3532860439119194e-07,
  "weight_decay": 0.008112415690918017
}