{
  "__trial_index__": 0,
  "batch_size": 14,
  "beta1": 0.9,
  "beta2": 0.999,
  "lr": 4.944215989575887e-06,
  "weight_decay": 0.0034210621695746728
}