{
  "__trial_index__": 0,
  "batch_size": 14,
  "beta1": 0.9,
  "beta2": 0.999,
  "lr": 0.006561956455310022,
  "weight_decay": 2.6678179598992316e-05
}