{
  "checkpoints": [
    "{\n  \"stub\": false,\n  \"trainable_name\": \"train_tune\",\n  \"trial_id\": \"44606c68\",\n  \"config\": {\n    \"batch_size\": 14,\n    \"beta1\": 0.9,\n    \"beta2\": 0.999,\n    \"lr\": 7.187267009530772e-06,\n    \"weight_decay\": 0.0011614665567890423,\n    \"__trial_index__\": 0\n  },\n  \"local_dir\": \"/home/xwm/DeepSVFilter/code/tune2\",\n  \"evaluated_params\": {\n    \"batch_size\": 14,\n    \"beta1\": 0.9,\n    \"beta2\": 0.999,\n    \"lr\": 7.187267009530772e-06,\n    \"weight_decay\": 0.0011614665567890423,\n    \"__trial_index__\": 0\n  },\n  \"experiment_tag\": \"1___trial_index__=0,batch_size=14,beta1=0.9,beta2=0.999,lr=7.1873e-06,weight_decay=0.0011615\",\n  \"location\": {\n    \"_type\": \"CLOUDPICKLE_FALLBACK\",\n    \"value\": \"8005953a000000000000008c0e7261792e74756e652e747269616c948c084c6f636174696f6e9493942981947d94288c08686f73746e616d65944e8c03706964944e75622e\"\n  },\n  \"placement_group_factory\": \"800595b6000000000000008c1f7261792e74756e652e7574696c732e706c6163656d656e745f67726f757073948c15506c6163656d656e7447726f7570466163746f72799493942981947d94288c085f62756e646c6573945d947d94288c03435055944740140000000000008c0347505594473ff000000000000075618c155f686561645f62756e646c655f69735f656d70747994898c095f7374726174656779948c045041434b948c055f6172677394298c075f6b7761726773947d9475622e\",\n  \"stopping_criterion\": {},\n  \"log_to_file\": [\n    null,\n    null\n  ],\n  \"max_failures\": -1,\n  \"_last_result\": {\n    \"validation_mean\": 0.14285714285714285,\n    \"time_this_iter_s\": 15.093034505844116,\n    \"done\": false,\n    \"timesteps_total\": null,\n    \"episodes_total\": null,\n    \"training_iteration\": 1,\n    \"trial_id\": \"44606c68\",\n    \"experiment_id\": \"465834ee55114ddebb545d4f2d4c9ba2\",\n    \"date\": \"2022-08-02_16-22-21\",\n    \"timestamp\": 1659428541,\n    \"time_total_s\": 15.093034505844116,\n    \"pid\": 179381,\n    \"hostname\": \"localhost.localdomain\",\n    \"node_ip\": \"192.168.249.74\",\n    \"config\": {\n      \"batch_size\": 14,\n      \"beta1\": 0.9,\n      \"beta2\": 0.999,\n      \"lr\": 7.187267009530772e-06,\n      \"weight_decay\": 0.0011614665567890423,\n      \"__trial_index__\": 0\n    },\n    \"time_since_restore\": 15.093034505844116,\n    \"timesteps_since_restore\": 0,\n    \"iterations_since_restore\": 1,\n    \"experiment_tag\": \"1___trial_index__=0,batch_size=14,beta1=0.9,beta2=0.999,lr=7.1873e-06,weight_decay=0.0011615\"\n  },\n  \"_default_result_or_future\": null,\n  \"last_update_time\": 1659428541.5065682,\n  \"metric_analysis\": {\n    \"validation_mean\": {\n      \"max\": 0.857394231504858,\n      \"min\": 0.14285714285714285,\n      \"avg\": 0.14285714285714285,\n      \"last\": 0.14285714285714285,\n      \"last-5-avg\": 0.6312644130408647,\n      \"last-10-avg\": 0.6087008317212587\n    },\n    \"time_this_iter_s\": {\n      \"max\": 2414.37642288208,\n      \"min\": 13.854625225067139,\n      \"avg\": 15.093034505844116,\n      \"last\": 15.093034505844116,\n      \"last-5-avg\": 1916.2311754703521,\n      \"last-10-avg\": 1677.982362794876\n    },\n    \"done\": {\n      \"max\": false,\n      \"min\": false,\n      \"avg\": 0.0,\n      \"last\": false,\n      \"last-5-avg\": 0.0,\n      \"last-10-avg\": 0.0\n    },\n    \"training_iteration\": {\n      \"max\": 8,\n      \"min\": 1,\n      \"avg\": 1.0,\n      \"last\": 1,\n      \"last-5-avg\": 5.4,\n      \"last-10-avg\": 3.8\n    },\n    \"time_total_s\": {\n      \"max\": 16750.61150074005,\n      \"min\": 13.854625225067139,\n      \"avg\": 15.093034505844116,\n      \"last\": 15.093034505844116,\n      \"last-5-avg\": 10537.292028522492,\n      \"last-10-avg\": 6708.6880381345745\n    },\n    \"time_since_restore\": {\n      \"max\": 16750.61150074005,\n      \"min\": 13.854625225067139,\n      \"avg\": 15.093034505844116,\n      \"last\": 15.093034505844116,\n      \"last-5-avg\": 10537.292028522492,\n      \"last-10-avg\": 6708.6880381345745\n    },\n    \"timesteps_since_restore\": {\n      \"max\": 0,\n      \"min\": 0,\n      \"avg\": 0.0,\n      \"last\": 0,\n      \"last-5-avg\": 0.0,\n      \"last-10-avg\": 0.0\n    },\n    \"iterations_since_restore\": {\n      \"max\": 8,\n      \"min\": 1,\n      \"avg\": 1.0,\n      \"last\": 1,\n      \"last-5-avg\": 5.4,\n      \"last-10-avg\": 3.8\n    }\n  },\n  \"n_steps\": [\n    5,\n    10\n  ],\n  \"metric_n_steps\": {\n    \"validation_mean\": {\n      \"5\": {\n        \"_type\": \"CLOUDPICKLE_FALLBACK\",\n        \"value\": \"8005954f000000000000008c0b636f6c6c656374696f6e73948c056465717565949394294b058694529428473fe8e5da837ef8c6473fe78fa8922f5b7c473fe9c77a0948904e473fe63150de2d15e0473fc2492492492492652e\"\n      },\n      \"10\": {\n        \"_type\": \"CLOUDPICKLE_FALLBACK\",\n        \"value\": \"8005957c000000000000008c0b636f6c6c656374696f6e73948c056465717565949394294b0a8694529428473fe0000000000000473fe0000000000000473fe377233be95bfe473fe5609d4f39034f473fe4f06dfdc46be0473fe8e5da837ef8c6473fe78fa8922f5b7c473fe9c77a0948904e473fe63150de2d15e0473fc2492492492492652e\"\n      }\n    },\n    \"time_this_iter_s\": {\n      \"5\": {\n        \"_type\": \"CLOUDPICKLE_FALLBACK\",\n        \"value\": \"8005954f000000000000008c0b636f6c6c656374696f6e73948c056465717565949394294b0586945294284740a2b6ba3ac000004740a2ba2be1b800004740a2a5b1ae3800004740a2a5886240000047402e2fa238000000652e\"\n      },\n      \"10\": {\n        \"_type\": \"CLOUDPICKLE_FALLBACK\",\n        \"value\": \"8005957c000000000000008c0b636f6c6c656374696f6e73948c056465717565949394294b0a869452942847402c3cf9b800000047402bb591700000004740a29cf1715800004740a2b67daf2000004740a2b1f437c800004740a2b6ba3ac000004740a2ba2be1b800004740a2a5b1ae3800004740a2a5886240000047402e2fa238000000652e\"\n      }\n    },\n    \"done\": {\n      \"5\": {\n        \"_type\": \"CLOUDPICKLE_FALLBACK\",\n        \"value\": \"80059527000000000000008c0b636f6c6c656374696f6e73948c056465717565949394294b0586945294288989898989652e\"\n      },\n      \"10\": {\n        \"_type\": \"CLOUDPICKLE_FALLBACK\",\n        \"value\": \"8005952c000000000000008c0b636f6c6c656374696f6e73948c056465717565949394294b0a869452942889898989898989898989652e\"\n      }\n    },\n    \"training_iteration\": {\n      \"5\": {\n        \"_type\": \"CLOUDPICKLE_FALLBACK\",\n        \"value\": \"8005952c000000000000008c0b636f6c6c656374696f6e73948c056465717565949394294b0586945294284b054b064b074b084b01652e\"\n      },\n      \"10\": {\n        \"_type\": \"CLOUDPICKLE_FALLBACK\",\n        \"value\": \"80059536000000000000008c0b636f6c6c656374696f6e73948c056465717565949394294b0a86945294284b014b014b024b034b044b054b064b074b084b01652e\"\n      }\n    },\n    \"time_total_s\": {\n      \"5\": {\n        \"_type\": \"CLOUDPICKLE_FALLBACK\",\n        \"value\": \"8005954f000000000000008c0b636f6c6c656374696f6e73948c056465717565949394294b0586945294284740c2b5f4c91c00004740c7647fc18a00004740cc0dec2d1800004740d05ba722d4000047402e2fa238000000652e\"\n      },\n      \"10\": {\n        \"_type\": \"CLOUDPICKLE_FALLBACK\",\n        \"value\": \"8005957c000000000000008c0b636f6c6c656374696f6e73948c056465717565949394294b0a869452942847402c3cf9b800000047402bb591700000004740a2b8a702c800004740b2b79258f400004740bc108c74d800004740c2b5f4c91c00004740c7647fc18a00004740cc0dec2d1800004740d05ba722d4000047402e2fa238000000652e\"\n      }\n    },\n    \"time_since_restore\": {\n      \"5\": {\n        \"_type\": \"CLOUDPICKLE_FALLBACK\",\n        \"value\": \"8005954f000000000000008c0b636f6c6c656374696f6e73948c056465717565949394294b0586945294284740c2b5f4c91c00004740c7647fc18a00004740cc0dec2d1800004740d05ba722d4000047402e2fa238000000652e\"\n      },\n      \"10\": {\n        \"_type\": \"CLOUDPICKLE_FALLBACK\",\n        \"value\": 