{
  "checkpoints": [
    "{\n  \"stub\": false,\n  \"trainable_name\": \"train_tune\",\n  \"trial_id\": \"44606c68\",\n  \"config\": {\n    \"batch_size\": 14,\n    \"beta1\": 0.9,\n    \"beta2\": 0.999,\n    \"lr\": 7.187267009530772e-06,\n    \"weight_decay\": 0.0011614665567890423,\n    \"__trial_index__\": 0\n  },\n  \"local_dir\": \"/home/xwm/DeepSVFilter/code/tune2\",\n  \"evaluated_params\": {\n    \"batch_size\": 14,\n    \"beta1\": 0.9,\n    \"beta2\": 0.999,\n    \"lr\": 7.187267009530772e-06,\n    \"weight_decay\": 0.0011614665567890423,\n    \"__trial_index__\": 0\n  },\n  \"experiment_tag\": \"1___trial_index__=0,batch_size=14,beta1=0.9,beta2=0.999,lr=7.1873e-06,weight_decay=0.0011615\",\n  \"location\": {\n    \"_type\": \"CLOUDPICKLE_FALLBACK\",\n    \"value\": \"8005953a000000000000008c0e7261792e74756e652e747269616c948c084c6f636174696f6e9493942981947d94288c08686f73746e616d65944e8c03706964944e75622e\"\n  },\n  \"placement_group_factory\": \"800595b6000000000000008c1f7261792e74756e652e7574696c732e706c6163656d656e745f67726f757073948c15506c6163656d656e7447726f7570466163746f72799493942981947d94288c085f62756e646c6573945d947d94288c03435055944740140000000000008c0347505594473ff000000000000075618c155f686561645f62756e646c655f69735f656d70747994898c095f7374726174656779948c045041434b948c055f6172677394298c075f6b7761726773947d9475622e\",\n  \"stopping_criterion\": {},\n  \"log_to_file\": [\n    null,\n    null\n  ],\n  \"max_failures\": -1,\n  \"_last_result\": {\n    \"validation_mean\": 0.7045367607681127,\n    \"time_this_iter_s\": 2392.5955233573914,\n    \"done\": false,\n    \"timesteps_total\": null,\n    \"episodes_total\": null,\n    \"training_iteration\": 8,\n    \"trial_id\": \"44606c68\",\n    \"experiment_id\": \"3923c545e74140fe9573a10a9f3bf416\",\n    \"date\": \"2022-08-03_21-43-20\",\n    \"timestamp\": 1659534200,\n    \"time_total_s\": 16788.130870342255,\n    \"pid\": 225180,\n    \"hostname\": \"localhost.localdomain\",\n    \"node_ip\": \"192.168.249.74\",\n    \"config\": {\n      \"batch_size\": 14,\n      \"beta1\": 0.9,\n      \"beta2\": 0.999,\n      \"lr\": 7.187267009530772e-06,\n      \"weight_decay\": 0.0011614665567890423,\n      \"__trial_index__\": 0\n    },\n    \"time_since_restore\": 16788.130870342255,\n    \"timesteps_since_restore\": 0,\n    \"iterations_since_restore\": 8,\n    \"experiment_tag\": \"1___trial_index__=0,batch_size=14,beta1=0.9,beta2=0.999,lr=7.1873e-06,weight_decay=0.0011615\"\n  },\n  \"_default_result_or_future\": null,\n  \"last_update_time\": 1659534200.5749888,\n  \"metric_analysis\": {\n    \"validation_mean\": {\n      \"max\": 0.857394231504858,\n      \"min\": 0.14285714285714285,\n      \"avg\": 0.5458286883722964,\n      \"last\": 0.7045367607681127,\n      \"last-5-avg\": 0.6094866498355137,\n      \"last-10-avg\": 0.483203274424298\n    },\n    \"time_this_iter_s\": {\n      \"max\": 2414.37642288208,\n      \"min\": 13.854625225067139,\n      \"avg\": 2098.516358792782,\n      \"last\": 2392.5955233573914,\n      \"last-5-avg\": 2393.8986933231354,\n      \"last-10-avg\": 1920.4257929563523\n    },\n    \"done\": {\n      \"max\": false,\n      \"min\": false,\n      \"avg\": 0.0,\n      \"last\": false,\n      \"last-5-avg\": 0.0,\n      \"last-10-avg\": 0.0\n    },\n    \"training_iteration\": {\n      \"max\": 8,\n      \"min\": 1,\n      \"avg\": 4.5,\n      \"last\": 8,\n      \"last-5-avg\": 6.0,\n      \"last-10-avg\": 3.9\n    },\n    \"time_total_s\": {\n      \"max\": 16788.130870342255,\n      \"min\": 13.854625225067139,\n      \"avg\": 8409.140791147947,\n      \"last\": 16788.130870342255,\n      \"last-5-avg\": 12004.108764457702,\n      \"last-10-avg\": 6970.455840277672\n    },\n    \"time_since_restore\": {\n      \"max\": 16788.130870342255,\n      \"min\": 13.854625225067139,\n      \"avg\": 8409.140791147947,\n      \"last\": 16788.130870342255,\n      \"last-5-avg\": 12004.108764457702,\n      \"last-10-avg\": 6970.455840277672\n    },\n    \"timesteps_since_restore\": {\n      \"max\": 0,\n      \"min\": 0,\n      \"avg\": 0.0,\n      \"last\": 0,\n      \"last-5-avg\": 0.0,\n      \"last-10-avg\": 0.0\n    },\n    \"iterations_since_restore\": {\n      \"max\": 8,\n      \"min\": 1,\n      \"avg\": 4.5,\n      \"last\": 8,\n      \"last-5-avg\": 6.0,\n      \"last-10-avg\": 3.9\n    }\n  },\n  \"n_steps\": [\n    5,\n    10\n  ],\n  \"metric_n_steps\": {\n    \"validation_mean\": {\n      \"5\": {\n        \"_type\": \"CLOUDPICKLE_FALLBACK\",\n        \"value\": \"8005954f000000000000008c0b636f6c6c656374696f6e73948c056465717565949394294b058694529428473fdee5582753ce41473fe2c3440f1eb0b3473fdb7a6d8f766ebc473feb05db23f068fa473fe68b90ad4a85b1652e\"\n      },\n      \"10\": {\n        \"_type\": \"CLOUDPICKLE_FALLBACK\",\n        \"value\": \"8005957c000000000000008c0b636f6c6c656374696f6e73948c056465717565949394294b0a8694529428473fc2492492492492473fd4a4985fbbafb3473fd6db6db6db6db7473fe2b1b7a6d8f767473fd82ed91f8347d2473fdee5582753ce41473fe2c3440f1eb0b3473fdb7a6d8f766ebc473feb05db23f068fa473fe68b90ad4a85b1652e\"\n      }\n    },\n    \"time_this_iter_s\": {\n      \"5\": {\n        \"_type\": \"CLOUDPICKLE_FALLBACK\",\n        \"value\": \"8005954f000000000000008c0b636f6c6c656374696f6e73948c056465717565949394294b0586945294284740a2bba88e9800004740a2b98b4df800004740a2b3de006000004740a2a8b9e24800004740a2b130e8700000652e\"\n      },\n      \"10\": {\n        \"_type\": \"CLOUDPICKLE_FALLBACK\",\n        \"value\": \"8005957c000000000000008c0b636f6c6c656374696f6e73948c056465717565949394294b0a869452942847402e9c2ad80000004740a2c1a4e310000047402fc96d100000004740a2c4510a7000004740a2c12be24800004740a2bba88e9800004740a2b98b4df800004740a2b3de006000004740a2a8b9e24800004740a2b130e8700000652e\"\n      }\n    },\n    \"done\": {\n      \"5\": {\n        \"_type\": \"CLOUDPICKLE_FALLBACK\",\n        \"value\": \"80059527000000000000008c0b636f6c6c656374696f6e73948c056465717565949394294b0586945294288989898989652e\"\n      },\n      \"10\": {\n        \"_type\": \"CLOUDPICKLE_FALLBACK\",\n        \"value\": \"8005952c000000000000008c0b636f6c6c656374696f6e73948c056465717565949394294b0a869452942889898989898989898989652e\"\n      }\n    },\n    \"training_iteration\": {\n      \"5\": {\n        \"_type\": \"CLOUDPICKLE_FALLBACK\",\n        \"value\": \"8005952c000000000000008c0b636f6c6c656374696f6e73948c056465717565949394294b0586945294284b044b054b064b074b08652e\"\n      },\n      \"10\": {\n        \"_type\": \"CLOUDPICKLE_FALLBACK\",\n        \"value\": \"80059536000000000000008c0b636f6c6c656374696f6e73948c056465717565949394294b0a86945294284b014b024b014b024b034b044b054b064b074b08652e\"\n      }\n    },\n    \"time_total_s\": {\n      \"5\": {\n        \"_type\": \"CLOUDPICKLE_FALLBACK\",\n        \"value\": \"8005954f000000000000008c0b636f6c6c656374696f6e73948c056465717565949394294b0586945294284740bc3077743000004740c2c69e8d9600004740c773960dae00004740cc1dc4864000004740d06508602e0000652e\"\n      },\n      \"10\": {\n        \"_type\": \"CLOUDPICKLE_FALLBACK\",\n        \"value\": \"8005957c000000000000008c0b636f6c6c656374696f6e73948c056465717565949394294b0a869452942847402e9c2ad80000004740a2e0410de8000047402fc96d100000004740a2e41a778000004740b2d2a32ce400004740bc3077743000004740c2c69e8d9600004740c773960dae00004740cc1dc4864000004740d06508602e0000652e\"\n      }\n    },\n    \"time_since_restore\": {\n      \"5\": {\n        \"_type\": \"CLOUDPICKLE_FALLBACK\",\n        \"value\": \"8005954f000000000000008c0b636f6c6c656374696f6e73948c056465717565949394294b0586945294284740bc3077743000004740c2c69e8d9600004740c773960dae00004740cc1dc4864000004740d06508602e0000652e\"\n      },\n      \"10\": {\n        \"_type\": \"CLOUDPICKLE_FALLBACK\",\n        \"value\": 