{
  "checkpoints": [
    "{\n  \"stub\": false,\n  \"trainable_name\": \"train_tune\",\n  \"trial_id\": \"44606c68\",\n  \"config\": {\n    \"batch_size\": 14,\n    \"beta1\": 0.9,\n    \"beta2\": 0.999,\n    \"lr\": 7.187267009530772e-06,\n    \"weight_decay\": 0.0011614665567890423,\n    \"__trial_index__\": 0\n  },\n  \"local_dir\": \"/home/xwm/DeepSVFilter/code/tune2\",\n  \"evaluated_params\": {\n    \"batch_size\": 14,\n    \"beta1\": 0.9,\n    \"beta2\": 0.999,\n    \"lr\": 7.187267009530772e-06,\n    \"weight_decay\": 0.0011614665567890423,\n    \"__trial_index__\": 0\n  },\n  \"experiment_tag\": \"1___trial_index__=0,batch_size=14,beta1=0.9,beta2=0.999,lr=7.1873e-06,weight_decay=0.0011615\",\n  \"location\": {\n    \"_type\": \"CLOUDPICKLE_FALLBACK\",\n    \"value\": \"8005953a000000000000008c0e7261792e74756e652e747269616c948c084c6f636174696f6e9493942981947d94288c08686f73746e616d65944e8c03706964944e75622e\"\n  },\n  \"placement_group_factory\": \"800595b6000000000000008c1f7261792e74756e652e7574696c732e706c6163656d656e745f67726f757073948c15506c6163656d656e7447726f7570466163746f72799493942981947d94288c085f62756e646c6573945d947d94288c03435055944740140000000000008c0347505594473ff000000000000075618c155f686561645f62756e646c655f69735f656d70747994898c095f7374726174656779948c045041434b948c055f6172677394298c075f6b7761726773947d9475622e\",\n  \"stopping_criterion\": {},\n  \"log_to_file\": [\n    null,\n    null\n  ],\n  \"max_failures\": -1,\n  \"_last_result\": {\n    \"validation_mean\": 0.5,\n    \"time_this_iter_s\": 14.1190927028656,\n    \"done\": false,\n    \"timesteps_total\": null,\n    \"episodes_total\": null,\n    \"training_iteration\": 1,\n    \"trial_id\": \"44606c68\",\n    \"experiment_id\": \"21c00bd6048741cc964aad95f2a53358\",\n    \"date\": \"2022-08-02_08-29-57\",\n    \"timestamp\": 1659400197,\n    \"time_total_s\": 14.1190927028656,\n    \"pid\": 2341,\n    \"hostname\": \"localhost.localdomain\",\n    \"node_ip\": \"192.168.249.74\",\n    \"config\": {\n      \"batch_size\": 14,\n      \"beta1\": 0.9,\n      \"beta2\": 0.999,\n      \"lr\": 7.187267009530772e-06,\n      \"weight_decay\": 0.0011614665567890423,\n      \"__trial_index__\": 0\n    },\n    \"time_since_restore\": 14.1190927028656,\n    \"timesteps_since_restore\": 0,\n    \"iterations_since_restore\": 1,\n    \"experiment_tag\": \"1___trial_index__=0,batch_size=14,beta1=0.9,beta2=0.999,lr=7.1873e-06,weight_decay=0.0011615\"\n  },\n  \"_default_result_or_future\": null,\n  \"last_update_time\": 1659400197.0898175,\n  \"metric_analysis\": {\n    \"validation_mean\": {\n      \"max\": 0.857394231504858,\n      \"min\": 0.5,\n      \"avg\": 0.5,\n      \"last\": 0.5,\n      \"last-5-avg\": 0.6612424451074899,\n      \"last-10-avg\": 0.6343687042562416\n    },\n    \"time_this_iter_s\": {\n      \"max\": 2414.37642288208,\n      \"min\": 14.1190927028656,\n      \"avg\": 14.1190927028656,\n      \"last\": 14.1190927028656,\n      \"last-5-avg\": 1930.5092542171478,\n      \"last-10-avg\": 1611.6318385601044\n    },\n    \"done\": {\n      \"max\": false,\n      \"min\": false,\n      \"avg\": 0.0,\n      \"last\": false,\n      \"last-5-avg\": 0.0,\n      \"last-10-avg\": 0.0\n    },\n    \"training_iteration\": {\n      \"max\": 5,\n      \"min\": 1,\n      \"avg\": 1.0,\n      \"last\": 1,\n      \"last-5-avg\": 3.0,\n      \"last-10-avg\": 2.6666666666666665\n    },\n    \"time_total_s\": {\n      \"max\": 9655.67193865776,\n      \"min\": 14.1190927028656,\n      \"avg\": 14.1190927028656,\n      \"last\": 14.1190927028656,\n      \"last-5-avg\": 4834.024201202393,\n      \"last-10-avg\": 4031.227627714475\n    },\n    \"time_since_restore\": {\n      \"max\": 9655.67193865776,\n      \"min\": 14.1190927028656,\n      \"avg\": 14.1190927028656,\n      \"last\": 14.1190927028656,\n      \"last-5-avg\": 4834.024201202393,\n      \"last-10-avg\": 4031.227627714475\n    },\n    \"timesteps_since_restore\": {\n      \"max\": 0,\n      \"min\": 0,\n      \"avg\": 0.0,\n      \"last\": 0,\n      \"last-5-avg\": 0.0,\n      \"last-10-avg\": 0.0\n    },\n    \"iterations_since_restore\": {\n      \"max\": 5,\n      \"min\": 1,\n      \"avg\": 1.0,\n      \"last\": 1,\n      \"last-5-avg\": 3.0,\n      \"last-10-avg\": 2.6666666666666665\n    }\n  },\n  \"n_steps\": [\n    5,\n    10\n  ],\n  \"metric_n_steps\": {\n    \"validation_mean\": {\n      \"5\": {\n        \"_type\": \"CLOUDPICKLE_FALLBACK\",\n        \"value\": \"8005954f000000000000008c0b636f6c6c656374696f6e73948c056465717565949394294b058694529428473fe45f073014fed8473fe24369a9b4fcf7473fe7ba46b3fd4210473feb6fc60702f517473fe0000000000000652e\"\n      },\n      \"10\": {\n        \"_type\": \"CLOUDPICKLE_FALLBACK\",\n        \"value\": \"80059558000000000000008c0b636f6c6c656374696f6e73948c056465717565949394294b0a8694529428473fe0000000000000473fe45f073014fed8473fe24369a9b4fcf7473fe7ba46b3fd4210473feb6fc60702f517473fe0000000000000652e\"\n      }\n    },\n    \"time_this_iter_s\": {\n      \"5\": {\n        \"_type\": \"CLOUDPICKLE_FALLBACK\",\n        \"value\": \"8005954f000000000000008c0b636f6c6c656374696f6e73948c056465717565949394294b0586945294284740a2c7b9260800004740a2d6a2691800004740a2dcc0ba8000004740a2d1be6d80000047402c3cf9b8000000652e\"\n      },\n      \"10\": {\n        \"_type\": \"CLOUDPICKLE_FALLBACK\",\n        \"value\": \"80059558000000000000008c0b636f6c6c656374696f6e73948c056465717565949394294b0a86945294284740313ea89c0000004740a2c7b9260800004740a2d6a2691800004740a2dcc0ba8000004740a2d1be6d80000047402c3cf9b8000000652e\"\n      }\n    },\n    \"done\": {\n      \"5\": {\n        \"_type\": \"CLOUDPICKLE_FALLBACK\",\n        \"value\": \"80059527000000000000008c0b636f6c6c656374696f6e73948c056465717565949394294b0586945294288989898989652e\"\n      },\n      \"10\": {\n        \"_type\": \"CLOUDPICKLE_FALLBACK\",\n        \"value\": \"80059528000000000000008c0b636f6c6c656374696f6e73948c056465717565949394294b0a8694529428898989898989652e\"\n      }\n    },\n    \"training_iteration\": {\n      \"5\": {\n        \"_type\": \"CLOUDPICKLE_FALLBACK\",\n        \"value\": \"8005952c000000000000008c0b636f6c6c656374696f6e73948c056465717565949394294b0586945294284b024b034b044b054b01652e\"\n      },\n      \"10\": {\n        \"_type\": \"CLOUDPICKLE_FALLBACK\",\n        \"value\": \"8005952e000000000000008c0b636f6c6c656374696f6e73948c056465717565949394294b0a86945294284b014b024b034b044b054b01652e\"\n      }\n    },\n    \"time_total_s\": {\n      \"5\": {\n        \"_type\": \"CLOUDPICKLE_FALLBACK\",\n        \"value\": \"8005954f000000000000008c0b636f6c6c656374696f6e73948c056465717565949394294b0586945294284740a2ea36774000004740b2e06c702c00004740bc4ecccd6c00004740c2dbd60216000047402c3cf9b8000000652e\"\n      },\n      \"10\": {\n        \"_type\": \"CLOUDPICKLE_FALLBACK\",\n        \"value\": \"80059558000000000000008c0b636f6c6c656374696f6e73948c056465717565949394294b0a86945294284740313ea89c0000004740a2ea36774000004740b2e06c702c00004740bc4ecccd6c00004740c2dbd60216000047402c3cf9b8000000652e\"\n      }\n    },\n    \"time_since_restore\": {\n      \"5\": {\n        \"_type\": \"CLOUDPICKLE_FALLBACK\",\n        \"value\": \"8005954f000000000000008c0b636f6c6c656374696f6e73948c056465717565949394294b0586945294284740a2ea36774000004740b2e06c702c00004740bc4ecccd6c00004740c2dbd60216000047402c3cf9b8000000652e\"\n      },\n      \"10\": {\n        \"_type\": \"CLOUDPICKLE_FALLBACK\",\n        \"value\": \"80059558000000000000008c0b636f6c6c656374696f6e73948c056465717565949394294b0a86945294284740313ea89c0000004740a2ea36774000004740b2e06c702c00004740bc4ecccd6c00004740c2dbd60216000047402c3cf9b8000000652e\"\n      }\n    },\n    \"timesteps_since_restore\": {\n      \"5\": {\n        \"_type\": \"CLOUDPICKLE_FALLBACK\",\n        \"value\": \"8005952c000000000000008c0b636f6c6c656374696f6e73948c056465717565949394294b0586945294284b004b004b004b004b00652e\"\n      },\n      \"10\": {\n        \"_type\": \"CLOUDPICKLE_FALLBACK\",\n        