{
  "__trial_index__": 0,
  "batch_size": 14,
  "beta1": 0.9,
  "beta2": 0.999,
  "lr": 7.651189534822596e-07,
  "weight_decay": 0.00039119669751454717
}