{
  "__trial_index__": 0,
  "batch_size": 8,
  "beta1": 0.9,
  "beta2": 0.999,
  "classfication_dim_stride": 49,
  "lr": 9.72172237656587e-08,
  "weight_decay": 1.8409354927323486e-05
}