{
  "__trial_index__": 0,
  "batch_size": 8,
  "beta1": 0.9,
  "beta2": 0.999,
  "classfication_dim_stride": 26,
  "lr": 2.30451415823525e-07,
  "weight_decay": 3.2837442211387404e-06
}