{
  "__trial_index__": 0,
  "batch_size": 14,
  "beta1": 0.9,
  "beta2": 0.999,
  "lr": 5.7983050378379235e-06,
  "weight_decay": 3.679410949158305e-05
}