{
  "__trial_index__": 0,
  "batch_size": 8,
  "beta1": 0.9,
  "beta2": 0.999,
  "classfication_dim_stride": 66,
  "lr": 0.0005177769976852434,
  "weight_decay": 9.503127818020091e-06
}