{
  "__trial_index__": 0,
  "batch_size": 14,
  "beta1": 0.9,
  "beta2": 0.999,
  "lr": 7.2220297682978795e-06,
  "weight_decay": 0.001992825948852284
}