{
  "__trial_index__": 0,
  "batch_size": 14,
  "beta1": 0.9,
  "beta2": 0.999,
  "lr": 0.0009548932246009204,
  "weight_decay": 5.385171377424486e-05
}