{
  "__trial_index__": 0,
  "batch_size": 8,
  "beta1": 0.9,
  "beta2": 0.999,
  "classfication_dim_stride": 80,
  "lr": 8.160666892574553e-05,
  "weight_decay": 2.353810687098248e-05
}