{
  "__trial_index__": 0,
  "batch_size": 8,
  "beta1": 0.9,
  "beta2": 0.999,
  "classfication_dim_stride": 289,
  "lr": 1.1937746283349054e-07,
  "weight_decay": 9.02197107926515e-05
}