{
  "__trial_index__": 0,
  "batch_size": 8,
  "beta1": 0.9,
  "beta2": 0.999,
  "classfication_dim_stride": 47,
  "lr": 1.0146978248915939e-05,
  "weight_decay": 5.6919688522755034e-05
}