{
  "__trial_index__": 0,
  "batch_size": 8,
  "beta1": 0.9,
  "beta2": 0.999,
  "classfication_dim_stride": 136,
  "lr": 5.813220172981006e-06,
  "weight_decay": 5.958411405790899e-05
}