{
  "__trial_index__": 0,
  "batch_size": 8,
  "beta1": 0.9,
  "beta2": 0.999,
  "classfication_dim_stride": 59,
  "lr": 7.758498080470458e-05,
  "weight_decay": 7.610618357463311e-05
}