{
  "__trial_index__": 0,
  "batch_size": 14,
  "beta1": 0.9,
  "beta2": 0.999,
  "lr": 9.865990474813852e-07,
  "weight_decay": 1.7003175389320119e-06
}