{
  "__trial_index__": 0,
  "batch_size": 8,
  "beta1": 0.9,
  "beta2": 0.999,
  "classfication_dim_stride": 66,
  "lr": 0.0001336595712285135,
  "weight_decay": 1.8944836026876607e-05
}