{
  "__trial_index__": 0,
  "batch_size": 14,
  "beta1": 0.9,
  "beta2": 0.999,
  "lr": 2.7298160780566146e-06,
  "weight_decay": 0.001802217528538679
}