{
  "__trial_index__": 0,
  "batch_size": 14,
  "beta1": 0.9,
  "beta2": 0.999,
  "lr": 7.675495793378756e-06,
  "weight_decay": 0.001744752215416144
}