{
  "__trial_index__": 0,
  "batch_size": 8,
  "beta1": 0.9,
  "beta2": 0.999,
  "classfication_dim_stride": 202,
  "lr": 1.84836614680022e-08,
  "weight_decay": 6.528337849222632e-05
}