{
  "__trial_index__": 0,
  "batch_size": 14,
  "beta1": 0.9,
  "beta2": 0.999,
  "lr": 5.242952666675647e-06,
  "weight_decay": 0.0023334585465931003
}