{
  "__trial_index__": 0,
  "batch_size": 8,
  "beta1": 0.9,
  "beta2": 0.999,
  "classfication_dim_stride": 90,
  "lr": 3.1201528591276634e-05,
  "weight_decay": 5.173700182854227e-05
}