{
  "__trial_index__": 0,
  "batch_size": 14,
  "beta1": 0.9,
  "beta2": 0.999,
  "lr": 5.014050731991681e-07,
  "weight_decay": 0.0052008891976948884
}