{
  "__trial_index__": 0,
  "batch_size": 14,
  "beta1": 0.9,
  "beta2": 0.999,
  "lr": 1.3693162126439042e-06,
  "weight_decay": 4.214340749398008e-05
}