{
  "__trial_index__": 0,
  "batch_size": 8,
  "beta1": 0.9,
  "beta2": 0.999,
  "classfication_dim_stride": 224,
  "lr": 5.887162086391595e-08,
  "weight_decay": 6.415902936387766e-05
}