{
  "__trial_index__": 0,
  "batch_size": 14,
  "beta1": 0.9,
  "beta2": 0.999,
  "lr": 7.556574730037815e-06,
  "weight_decay": 0.006378591045225216
}