{
  "__trial_index__": 0,
  "batch_size": 8,
  "beta1": 0.9,
  "beta2": 0.999,
  "classfication_dim_stride": 56,
  "lr": 2.8177913749503724e-06,
  "weight_decay": 9.917782753469662e-06
}