{
  "__trial_index__": 0,
  "batch_size": 14,
  "beta1": 0.9,
  "beta2": 0.999,
  "lr": 0.006512878013507552,
  "weight_decay": 1.3579734306991621e-05
}