{
  "__trial_index__": 0,
  "batch_size": 14,
  "beta1": 0.9,
  "beta2": 0.999,
  "lr": 9.396322948994572e-06,
  "weight_decay": 0.0038381438067789774
}