{
  "__trial_index__": 0,
  "batch_size": 8,
  "beta1": 0.9,
  "beta2": 0.999,
  "classfication_dim_stride": 663,
  "lr": 8.06432309848732e-08,
  "weight_decay": 7.898111551265894e-05
}