{
  "__trial_index__": 0,
  "batch_size": 14,
  "beta1": 0.9,
  "beta2": 0.999,
  "lr": 7.093873640251819e-06,
  "weight_decay": 0.0025146980559541485
}