{
  "__trial_index__": 0,
  "batch_size": 8,
  "beta1": 0.9,
  "beta2": 0.999,
  "classfication_dim_stride": 279,
  "lr": 1.120360005086871e-07,
  "weight_decay": 9.4990338981971e-05
}