{
  "__trial_index__": 0,
  "batch_size": 14,
  "beta1": 0.9,
  "beta2": 0.999,
  "lr": 2.1083479582797592e-06,
  "weight_decay": 0.0027153541768991808
}