{
  "checkpoints": [
    "{\n  \"stub\": false,\n  \"trainable_name\": \"train_tune\",\n  \"trial_id\": \"8a77f2f0\",\n  \"config\": {\n    \"batch_size\": 14,\n    \"beta1\": 0.9,\n    \"beta2\": 0.999,\n    \"lr\": 7.187267009530772e-06,\n    \"weight_decay\": 0.0011614665567890423,\n    \"__trial_index__\": 0\n  },\n  \"local_dir\": \"/home/xwm/DeepSVFilter/code/tune0\",\n  \"evaluated_params\": {\n    \"batch_size\": 14,\n    \"beta1\": 0.9,\n    \"beta2\": 0.999,\n    \"lr\": 7.187267009530772e-06,\n    \"weight_decay\": 0.0011614665567890423,\n    \"__trial_index__\": 0\n  },\n  \"experiment_tag\": \"1___trial_index__=0,batch_size=14,beta1=0.9,beta2=0.999,lr=7.1873e-06,weight_decay=0.0011615\",\n  \"location\": {\n    \"_type\": \"CLOUDPICKLE_FALLBACK\",\n    \"value\": \"8005953a000000000000008c0e7261792e74756e652e747269616c948c084c6f636174696f6e9493942981947d94288c08686f73746e616d65944e8c03706964944e75622e\"\n  },\n  \"placement_group_factory\": \"800595b6000000000000008c1f7261792e74756e652e7574696c732e706c6163656d656e745f67726f757073948c15506c6163656d656e7447726f7570466163746f72799493942981947d94288c085f62756e646c6573945d947d94288c03435055944740140000000000008c0347505594473ff000000000000075618c155f686561645f62756e646c655f69735f656d70747994898c095f7374726174656779948c045041434b948c055f6172677394298c075f6b7761726773947d9475622e\",\n  \"stopping_criterion\": {},\n  \"log_to_file\": [\n    null,\n    null\n  ],\n  \"max_failures\": -1,\n  \"_last_result\": {},\n  \"_default_result_or_future\": null,\n  \"last_update_time\": -Infinity,\n  \"metric_analysis\": {},\n  \"n_steps\": [\n    5,\n    10\n  ],\n  \"metric_n_steps\": {},\n  \"export_formats\": [],\n  \"status\": \"RUNNING\",\n  \"start_time\": 1658760807.6590018,\n  \"logdir\": \"/home/xwm/DeepSVFilter/code/tune0/train_tune_8a77f2f0_1___trial_index__=0,batch_size=14,beta1=0.9,beta2=0.999,lr=7.1873e-06,weight_decay=0.0011615_2022-07-25_22-53-27\",\n  \"runner\": null,\n  \"last_debug\": 0,\n  \"error_file\": null,\n  \"error_msg\": null,\n  \"trial_name_creator\": null,\n  \"custom_trial_name\": null,\n  \"custom_dirname\": null,\n  \"saving_to\": null,\n  \"remote_checkpoint_dir_prefix\": null,\n  \"sync_function_tpl\": null,\n  \"checkpoint_freq\": 0,\n  \"checkpoint_at_end\": false,\n  \"keep_checkpoints_num\": null,\n  \"checkpoint_score_attr\": \"training_iteration\",\n  \"sync_on_checkpoint\": true,\n  \"checkpoint_manager\": {\n    \"_type\": \"CLOUDPICKLE_FALLBACK\",\n    \"value\": \"80059583010000000000008c1b7261792e74756e652e636865636b706f696e745f6d616e61676572948c11436865636b706f696e744d616e616765729493942981947d94288c146b6565705f636865636b706f696e74735f6e756d94477ff00000000000008c165f636865636b706f696e745f73636f72655f6465736394898c165f636865636b706f696e745f73636f72655f61747472948c12747261696e696e675f697465726174696f6e948c1c6e65776573745f70657273697374656e745f636865636b706f696e749468008c0a436865636b706f696e749493942981947d94288c0773746f72616765948c0a70657273697374656e74948c0576616c7565944e8c06726573756c74947d948c056f72646572944b0075628c195f6e65776573745f6d656d6f72795f636865636b706f696e7494680b2981947d9428680e8c066d656d6f72799468104e68117d9468134b0075628c115f626573745f636865636b706f696e7473945d948c0b5f6d656d62657273686970948f948c0a5f6375725f6f72646572944b0075622e\"\n  },\n  \"restore_path\": null,\n  \"restoring_from\": null,\n  \"num_failures\": 0,\n  \"has_new_resources\": false,\n  \"results\": \"80054e2e\",\n  \"best_result\": \"80054e2e\",\n  \"param_config\": \"80054e2e\",\n  \"extra_arg\": \"80054e2e\",\n  \"_state_json\": null,\n  \"_state_valid\": false\n}",
    "{\n  \"stub\": false,\n  \"trainable_name\": \"train_tune\",\n  \"trial_id\": \"8cafe1a4\",\n  \"config\": {\n    \"batch_size\": 14,\n    \"beta1\": 0.9,\n    \"beta2\": 0.999,\n    \"lr\": 7.187267009530772e-06,\n    \"weight_decay\": 0.0011614665567890423,\n    \"__trial_index__\": 0\n  },\n  \"local_dir\": \"/home/xwm/DeepSVFilter/code/tune0\",\n  \"evaluated_params\": {\n    \"batch_size\": 14,\n    \"beta1\": 0.9,\n    \"beta2\": 0.999,\n    \"lr\": 7.187267009530772e-06,\n    \"weight_decay\": 0.0011614665567890423,\n    \"__trial_index__\": 0\n  },\n  \"experiment_tag\": \"2___trial_index__=0,batch_size=14,beta1=0.9,beta2=0.999,lr=7.1873e-06,weight_decay=0.0011615\",\n  \"location\": {\n    \"_type\": \"CLOUDPICKLE_FALLBACK\",\n    \"value\": \"8005953a000000000000008c0e7261792e74756e652e747269616c948c084c6f636174696f6e9493942981947d94288c08686f73746e616d65944e8c03706964944e75622e\"\n  },\n  \"placement_group_factory\": \"800595b6000000000000008c1f7261792e74756e652e7574696c732e706c6163656d656e745f67726f757073948c15506c6163656d656e7447726f7570466163746f72799493942981947d94288c085f62756e646c6573945d947d94288c03435055944740140000000000008c0347505594473ff000000000000075618c155f686561645f62756e646c655f69735f656d70747994898c095f7374726174656779948c045041434b948c055f6172677394298c075f6b7761726773947d9475622e\",\n  \"stopping_criterion\": {},\n  \"log_to_file\": [\n    null,\n    null\n  ],\n  \"max_failures\": -1,\n  \"_last_result\": {\n    \"trial_id\": \"8cafe1a4\"\n  },\n  \"_default_result_or_future\": null,\n  \"last_update_time\": -Infinity,\n  \"metric_analysis\": {},\n  \"n_steps\": [\n    5,\n    10\n  ],\n  \"metric_n_steps\": {},\n  \"export_formats\": [],\n  \"status\": \"PENDING\",\n  \"start_time\": null,\n  \"logdir\": \"/home/xwm/DeepSVFilter/code/tune0/train_tune_8cafe1a4_2___trial_index__=0,batch_size=14,beta1=0.9,beta2=0.999,lr=7.1873e-06,weight_decay=0.0011615_2022-07-25_22-53-31\",\n  \"runner\": null,\n  \"last_debug\": 0,\n  \"error_file\": null,\n  \"error_msg\": null,\n  \"trial_name_creator\": null,\n  \"custom_trial_name\": null,\n  \"custom_dirname\": null,\n  \"saving_to\": null,\n  \"remote_checkpoint_dir_prefix\": null,\n  \"sync_function_tpl\": null,\n  \"checkpoint_freq\": 0,\n  \"checkpoint_at_end\": false,\n  \"keep_checkpoints_num\": null,\n  \"checkpoint_score_attr\": \"training_iteration\",\n  \"sync_on_checkpoint\": true,\n  \"checkpoint_manager\": {\n    \"_type\": \"CLOUDPICKLE_FALLBACK\",\n    \"value\": \"80059583010000000000008c1b7261792e74756e652e636865636b706f696e745f6d616e61676572948c11436865636b706f696e744d616e616765729493942981947d94288c146b6565705f636865636b706f696e74735f6e756d94477ff00000000000008c165f636865636b706f696e745f73636f72655f6465736394898c165f636865636b706f696e745f73636f72655f61747472948c12747261696e696e675f697465726174696f6e948c1c6e65776573745f70657273697374656e745f636865636b706f696e749468008c0a436865636b706f696e749493942981947d94288c0773746f72616765948c0a70657273697374656e74948c0576616c7565944e8c06726573756c74947d948c056f72646572944b0075628c195f6e65776573745f6d656d6f72795f636865636b706f696e7494680b2981947d9428680e8c066d656d6f72799468104e68117d9468134b0075628c115f626573745f636865636b706f696e7473945d948c0b5f6d656d62657273686970948f948c0a5f6375725f6f72646572944b0075622e\"\n  },\n  \"restore_path\": null,\n  \"restoring_from\": null,\n  \"num_failures\": 0,\n  \"has_new_resources\": false,\n  \"results\": \"80054e2e\",\n  \"best_result\": \"80054e2e\",\n  \"param_config\": \"80054e2e\",\n  \"extra_arg\": \"80054e2e\",\n  \"_state_json\": null,\n  \"_state_valid\": false\n}"
  ],
  "runner_data": {
    "_insufficient_resources_manager": {
      "_type": "CLOUDPICKLE_FALLBACK",
      "value": "8005958b000000000000008c277261792e74756e652e696e73756666696369656e745f7265736f75726365735f6d616e61676572948c1c496e73756666696369656e745265736f75726365734d616e616765729493942981947d94288c185f6e6f5f72756e6e696e675f747269616c735f73696e6365944affffffff8c0f5f6c6173745f747269616c5f6e756d944affffffff75622e"
    },
    "_max_pending_trials": 1,
    "_metric": "validation_mean",
    "_total_time": 0,
    "_iteration": 2949,
    "_has_errored": false,
    "_fail_fast": false,
    "_server_port": null,
    "_cached_trial_decisions": {},
    "_queued_trial_decisions": {},
    "_updated_queue": false,
    "_result_wait_time": 1,
    "_should_stop_experiment": false,