{
  "__trial_index__": 0,
  "batch_size": 8,
  "beta1": 0.9,
  "beta2": 0.999,
  "classfication_dim_stride": 54,
  "lr": 2.91898125306743e-07,
  "weight_decay": 7.024707534147024e-05
}