{
  "__trial_index__": 0,
  "batch_size": 14,
  "beta1": 0.9,
  "beta2": 0.999,
  "lr": 3.325868210347703e-07,
  "weight_decay": 0.0004916920583711692
}