{
  "__trial_index__": 0,
  "batch_size": 8,
  "beta1": 0.9,
  "beta2": 0.999,
  "classfication_dim_stride": 535,
  "lr": 2.828990584659825e-06,
  "weight_decay": 1.5248049804146847e-05
}