{
  "__trial_index__": 0,
  "batch_size": 14,
  "beta1": 0.9,
  "beta2": 0.999,
  "lr": 1.1211117133559978e-06,
  "weight_decay": 0.003704959665608637
}