{
  "__trial_index__": 0,
  "batch_size": 14,
  "beta1": 0.9,
  "beta2": 0.999,
  "lr": 9.564234625252513e-07,
  "weight_decay": 0.008553621169331338
}