{
  "__trial_index__": 0,
  "batch_size": 8,
  "beta1": 0.9,
  "beta2": 0.999,
  "classfication_dim_stride": 29,
  "lr": 5.641645836209928e-08,
  "weight_decay": 4.493041079464606e-05
}