{
  "__trial_index__": 0,
  "batch_size": 14,
  "beta1": 0.9,
  "beta2": 0.999,
  "lr": 6.483661577642374e-06,
  "weight_decay": 0.002992203859537181
}