{
  "__trial_index__": 0,
  "batch_size": 14,
  "beta1": 0.9,
  "beta2": 0.999,
  "lr": 6.73311056218059e-07,
  "weight_decay": 0.005240477919969867
}