{
  "__trial_index__": 0,
  "batch_size": 14,
  "beta1": 0.9,
  "beta2": 0.999,
  "lr": 1.8844701618426438e-06,
  "weight_decay": 0.006246478312579919
}