{
  "__trial_index__": 0,
  "batch_size": 14,
  "beta1": 0.9,
  "beta2": 0.999,
  "lr": 1.6017570662606394e-06,
  "weight_decay": 0.006286740635855888
}