{
  "__trial_index__": 0,
  "batch_size": 14,
  "beta1": 0.9,
  "beta2": 0.999,
  "lr": 1.0216731751338006e-06,
  "weight_decay": 2.165064507886879e-05
}