{
  "__trial_index__": 0,
  "batch_size": 8,
  "beta1": 0.9,
  "beta2": 0.999,
  "classfication_dim_stride": 24,
  "lr": 0.0002977847720570339,
  "weight_decay": 9.618799543383122e-05
}