{
  "__trial_index__": 0,
  "batch_size": 14,
  "beta1": 0.9,
  "beta2": 0.999,
  "lr": 8.313510532033099e-07,
  "weight_decay": 9.968157423730164e-05
}