{
  "__trial_index__": 0,
  "batch_size": 8,
  "beta1": 0.9,
  "beta2": 0.999,
  "classfication_dim_stride": 641,
  "lr": 5.527262615736493e-07,
  "weight_decay": 7.940859225599713e-05
}