{
  "__trial_index__": 0,
  "batch_size": 14,
  "beta1": 0.9,
  "beta2": 0.999,
  "lr": 5.24606007546741e-06,
  "weight_decay": 0.0016832162861687306
}