{
  "__trial_index__": 0,
  "batch_size": 14,
  "beta1": 0.9,
  "beta2": 0.999,
  "lr": 8.184701072568894e-07,
  "weight_decay": 0.004320806053966678
}