{
  "__trial_index__": 0,
  "batch_size": 14,
  "beta1": 0.9,
  "beta2": 0.999,
  "lr": 5.980746543319523e-06,
  "weight_decay": 0.0017239738175475337
}