{
  "__trial_index__": 0,
  "batch_size": 8,
  "beta1": 0.9379155186658523,
  "beta2": 0.9986458142276982,
  "classfication_dim_stride": 45,
  "lr": 0.00010602600509722682,
  "weight_decay": 0.08601853565549664
}