{
  "__trial_index__": 0,
  "batch_size": 8,
  "beta1": 0.9,
  "beta2": 0.999,
  "classfication_dim_stride": 40,
  "lr": 1.796271647074889e-05,
  "weight_decay": 6.226864315020362e-05
}