{
  "__trial_index__": 0,
  "batch_size": 8,
  "beta1": 0.9131112981960916,
  "beta2": 0.9989145657087614,
  "classfication_dim_stride": 108,
  "lr": 2.1752336355505874e-05,
  "weight_decay": 0.0021358256863640234
}