{
  "__trial_index__": 0,
  "batch_size": 14,
  "beta1": 0.9,
  "beta2": 0.999,
  "lr": 6.305905945512385e-07,
  "weight_decay": 0.006969324422735741
}