{
  "__trial_index__": 0,
  "batch_size": 14,
  "beta1": 0.9,
  "beta2": 0.999,
  "lr": 2.2458544344613523e-07,
  "weight_decay": 0.0003533643436504065
}