{
  "__trial_index__": 0,
  "batch_size": 14,
  "beta1": 0.9,
  "beta2": 0.999,
  "lr": 1.044950794716398e-08,
  "weight_decay": 0.00019296587649226247
}