{
  "__trial_index__": 0,
  "batch_size": 8,
  "beta1": 0.9,
  "beta2": 0.999,
  "classfication_dim_stride": 112,
  "lr": 9.45036277356089e-05,
  "weight_decay": 3.354981593582683e-05
}