{
  "__trial_index__": 0,
  "batch_size": 8,
  "beta1": 0.9,
  "beta2": 0.999,
  "classfication_dim_stride": 48,
  "lr": 9.313060384361518e-06,
  "weight_decay": 5.9976302372647086e-05
}