{
  "__trial_index__": 0,
  "batch_size": 14,
  "beta1": 0.9,
  "beta2": 0.999,
  "lr": 9.102472121997932e-06,
  "weight_decay": 3.436326314343709e-06
}