{
  "__trial_index__": 0,
  "batch_size": 8,
  "beta1": 0.9,
  "beta2": 0.999,
  "classfication_dim_stride": 139,
  "lr": 0.0008603197327914054,
  "weight_decay": 2.5674833420734787e-05
}