{
  "__trial_index__": 0,
  "batch_size": 8,
  "beta1": 0.9,
  "beta2": 0.999,
  "classfication_dim_stride": 400,
  "lr": 3.657850328275852e-08,
  "weight_decay": 8.804601323387269e-05
}