{
  "__trial_index__": 0,
  "batch_size": 14,
  "beta1": 0.9,
  "beta2": 0.999,
  "lr": 6.4149522871576e-07,
  "weight_decay": 0.0021218368006630023
}