{
  "__trial_index__": 0,
  "batch_size": 14,
  "beta1": 0.9,
  "beta2": 0.999,
  "lr": 0.005824596994245572,
  "weight_decay": 7.517357901234455e-05
}