{
  "__trial_index__": 0,
  "batch_size": 8,
  "beta1": 0.9,
  "beta2": 0.999,
  "classfication_dim_stride": 336,
  "lr": 2.0149662868349367e-07,
  "weight_decay": 8.571434454223852e-05
}