{
  "__trial_index__": 0,
  "batch_size": 8,
  "beta1": 0.9,
  "beta2": 0.999,
  "classfication_dim_stride": 618,
  "lr": 2.5169950220560275e-07,
  "weight_decay": 4.8969618448332515e-05
}