{
  "__trial_index__": 0,
  "batch_size": 8,
  "beta1": 0.9,
  "beta2": 0.999,
  "classfication_dim_stride": 56,
  "lr": 0.00038141855043081596,
  "weight_decay": 7.021200268353254e-05
}