{
  "__trial_index__": 0,
  "batch_size": 14,
  "beta1": 0.9,
  "beta2": 0.999,
  "lr": 3.950194051084232e-06,
  "weight_decay": 0.0023899361478853937
}