{
  "__trial_index__": 0,
  "batch_size": 14,
  "beta1": 0.9,
  "beta2": 0.999,
  "lr": 8.808603470589158e-06,
  "weight_decay": 0.003264255613051794
}