{
  "__trial_index__": 0,
  "batch_size": 8,
  "beta1": 0.9,
  "beta2": 0.999,
  "classfication_dim_stride": 29,
  "lr": 3.9540033126288985e-07,
  "weight_decay": 4.6555750233511604e-05
}