{
  "__trial_index__": 0,
  "batch_size": 14,
  "beta1": 0.9,
  "beta2": 0.999,
  "lr": 4.812765859715661e-06,
  "weight_decay": 0.0031859129475271582
}