{
  "__trial_index__": 0,
  "batch_size": 14,
  "beta1": 0.9,
  "beta2": 0.999,
  "lr": 9.87147463981564e-06,
  "weight_decay": 0.002841524720104389
}