{
  "__trial_index__": 0,
  "batch_size": 14,
  "beta1": 0.9,
  "beta2": 0.999,
  "lr": 9.760276369581108e-06,
  "weight_decay": 0.0010545795221561117
}