{
  "__trial_index__": 0,
  "batch_size": 14,
  "beta1": 0.9,
  "beta2": 0.999,
  "lr": 4.293308934173035e-06,
  "weight_decay": 0.0013073770293396082
}