{
  "__trial_index__": 0,
  "batch_size": 14,
  "beta1": 0.9,
  "beta2": 0.999,
  "lr": 2.9119067989787613e-06,
  "weight_decay": 0.002912874268483575
}