{
  "__trial_index__": 0,
  "batch_size": 8,
  "beta1": 0.9,
  "beta2": 0.999,
  "classfication_dim_stride": 21,
  "lr": 7.673208632799687e-07,
  "weight_decay": 9.958612199363257e-05
}