{
  "__trial_index__": 0,
  "batch_size": 14,
  "beta1": 0.9,
  "beta2": 0.999,
  "lr": 1.5262867154199125e-05,
  "weight_decay": 6.988684066061256e-05
}