{
  "__trial_index__": 0,
  "batch_size": 14,
  "beta1": 0.9,
  "beta2": 0.999,
  "lr": 5.373735156712783e-07,
  "weight_decay": 2.215677554682546e-05
}