{
  "__trial_index__": 0,
  "batch_size": 8,
  "beta1": 0.9,
  "beta2": 0.999,
  "classfication_dim_stride": 21,
  "lr": 1.185194545248894e-08,
  "weight_decay": 8.964298059563261e-05
}