{
  "__trial_index__": 0,
  "batch_size": 14,
  "beta1": 0.9,
  "beta2": 0.999,
  "lr": 2.408125748145797e-06,
  "weight_decay": 0.0019373606702808217
}