{
  "__trial_index__": 0,
  "batch_size": 14,
  "beta1": 0.9,
  "beta2": 0.999,
  "lr": 8.237865648064197e-06,
  "weight_decay": 1.952949753660318e-05
}