{
  "__trial_index__": 0,
  "batch_size": 14,
  "beta1": 0.9,
  "beta2": 0.999,
  "lr": 0.00021684027963138957,
  "weight_decay": 6.36336347762193e-05
}