{
  "__trial_index__": 0,
  "batch_size": 14,
  "beta1": 0.9,
  "beta2": 0.999,
  "lr": 0.0008712597264099276,
  "weight_decay": 1.9180625896495052e-05
}