{
  "__trial_index__": 0,
  "batch_size": 8,
  "beta1": 0.9,
  "beta2": 0.999,
  "classfication_dim_stride": 409,
  "lr": 3.418125539054461e-08,
  "weight_decay": 3.833552913161621e-05
}