{
  "__trial_index__": 0,
  "batch_size": 14,
  "beta1": 0.9,
  "beta2": 0.999,
  "lr": 5.472539221485016e-06,
  "weight_decay": 0.0020298386673023075
}