{
  "__trial_index__": 0,
  "batch_size": 14,
  "beta1": 0.9,
  "beta2": 0.999,
  "lr": 1.334779825655121e-07,
  "weight_decay": 0.00010168191722873297
}