{
  "__trial_index__": 0,
  "batch_size": 14,
  "beta1": 0.9,
  "beta2": 0.999,
  "lr": 5.9143740002359024e-05,
  "weight_decay": 2.4269510979925525e-05
}