{
  "__trial_index__": 0,
  "batch_size": 14,
  "beta1": 0.9,
  "beta2": 0.999,
  "lr": 3.174628924318271e-07,
  "weight_decay": 0.0030741207528209805
}