{
  "__trial_index__": 0,
  "batch_size": 14,
  "beta1": 0.9,
  "beta2": 0.999,
  "lr": 4.968782300772496e-06,
  "weight_decay": 7.892130124835466e-05
}