{
  "__trial_index__": 0,
  "batch_size": 8,
  "beta1": 0.9,
  "beta2": 0.999,
  "classfication_dim_stride": 417,
  "lr": 4.397579369842964e-08,
  "weight_decay": 9.117150274005953e-05
}