{
  "__trial_index__": 0,
  "batch_size": 14,
  "beta1": 0.9,
  "beta2": 0.999,
  "lr": 2.682930862520096e-07,
  "weight_decay": 0.008582927101435125
}