{
  "__trial_index__": 0,
  "batch_size": 14,
  "beta1": 0.9,
  "beta2": 0.999,
  "lr": 8.998373450636371e-06,
  "weight_decay": 0.005224522356835513
}