{
  "__trial_index__": 0,
  "batch_size": 8,
  "beta1": 0.9,
  "beta2": 0.999,
  "classfication_dim_stride": 398,
  "lr": 4.493908668962399e-08,
  "weight_decay": 8.825718789613899e-05
}