{
  "__trial_index__": 0,
  "batch_size": 8,
  "beta1": 0.9,
  "beta2": 0.999,
  "classfication_dim_stride": 155,
  "lr": 3.617511711950156e-05,
  "weight_decay": 1.0606585772190014e-05
}