{
  "__trial_index__": 0,
  "batch_size": 14,
  "beta1": 0.9,
  "beta2": 0.999,
  "lr": 6.161303768104765e-06,
  "weight_decay": 0.000752480339244516
}