{
  "__trial_index__": 0,
  "batch_size": 14,
  "beta1": 0.9,
  "beta2": 0.999,
  "lr": 9.261166315447096e-06,
  "weight_decay": 0.004596166109412909
}