{
  "__trial_index__": 0,
  "batch_size": 14,
  "beta1": 0.9,
  "beta2": 0.999,
  "lr": 8.72596159329642e-07,
  "weight_decay": 0.00942843972725673
}