{
  "__trial_index__": 0,
  "batch_size": 14,
  "beta1": 0.9,
  "beta2": 0.999,
  "lr": 1.0231175943836615e-07,
  "weight_decay": 0.0006652614243228994
}