{
  "__trial_index__": 0,
  "batch_size": 14,
  "beta1": 0.9,
  "beta2": 0.999,
  "lr": 3.7661418879778663e-06,
  "weight_decay": 0.0008234235316433061
}