{
  "__trial_index__": 0,
  "batch_size": 14,
  "beta1": 0.9,
  "beta2": 0.999,
  "lr": 2.9412942678726073e-07,
  "weight_decay": 0.001362784606109944
}