{
  "__trial_index__": 0,
  "batch_size": 14,
  "beta1": 0.9,
  "beta2": 0.999,
  "lr": 6.815123846322996e-06,
  "weight_decay": 0.0026302635765576518
}