{
  "__trial_index__": 0,
  "batch_size": 14,
  "beta1": 0.9,
  "beta2": 0.999,
  "lr": 3.564770569387554e-07,
  "weight_decay": 0.004656062370973163
}