{
  "__trial_index__": 0,
  "batch_size": 8,
  "beta1": 0.9,
  "beta2": 0.999,
  "classfication_dim_stride": 73,
  "lr": 1.0052752991648087e-05,
  "weight_decay": 5.7017001892130536e-05
}