{
  "__trial_index__": 0,
  "batch_size": 8,
  "beta1": 0.9,
  "beta2": 0.999,
  "classfication_dim_stride": 39,
  "lr": 6.124242249635632e-06,
  "weight_decay": 6.0682337589575936e-05
}