{
  "__trial_index__": 0,
  "batch_size": 14,
  "beta1": 0.9,
  "beta2": 0.999,
  "lr": 8.61245900415049e-06,
  "weight_decay": 0.0014300493672864418
}