{
  "__trial_index__": 0,
  "batch_size": 14,
  "beta1": 0.9,
  "beta2": 0.999,
  "lr": 3.279383705003529e-06,
  "weight_decay": 7.930052145693842e-05
}