{
  "__trial_index__": 0,
  "batch_size": 14,
  "beta1": 0.9,
  "beta2": 0.999,
  "lr": 5.31728047430733e-06,
  "weight_decay": 0.0066731466820105665
}