{
  "__trial_index__": 0,
  "batch_size": 8,
  "beta1": 0.9,
  "beta2": 0.999,
  "classfication_dim_stride": 76,
  "lr": 2.0721541066527486e-05,
  "weight_decay": 3.963788873286078e-05
}