{
  "__trial_index__": 0,
  "batch_size": 8,
  "beta1": 0.9,
  "beta2": 0.999,
  "classfication_dim_stride": 418,
  "lr": 4.863090485067512e-08,
  "weight_decay": 8.879566626338624e-05
}