{
  "__trial_index__": 0,
  "batch_size": 14,
  "beta1": 0.9,
  "beta2": 0.999,
  "lr": 1.90872819520211e-07,
  "weight_decay": 0.002593970439752894
}