{
  "__trial_index__": 0,
  "batch_size": 8,
  "beta1": 0.9,
  "beta2": 0.999,
  "classfication_dim_stride": 313,
  "lr": 3.870947830528618e-08,
  "weight_decay": 3.4320950481911706e-05
}