{
  "__trial_index__": 0,
  "batch_size": 14,
  "beta1": 0.9,
  "beta2": 0.999,
  "lr": 5.137911423164151e-06,
  "weight_decay": 0.008530505755636587
}