{
  "__trial_index__": 0,
  "batch_size": 14,
  "beta1": 0.9,
  "beta2": 0.999,
  "lr": 0.00013791767161887324,
  "weight_decay": 3.383111953688889e-05
}