{
  "__trial_index__": 0,
  "batch_size": 14,
  "beta1": 0.9,
  "beta2": 0.999,
  "lr": 4.3100303421363137e-07,
  "weight_decay": 0.002901516576718146
}