{
  "__trial_index__": 0,
  "batch_size": 8,
  "beta1": 0.9,
  "beta2": 0.999,
  "classfication_dim_stride": 490,
  "lr": 0.0002844791738584526,
  "weight_decay": 8.956589380405495e-05
}