{
  "__trial_index__": 0,
  "batch_size": 14,
  "beta1": 0.9,
  "beta2": 0.999,
  "lr": 6.872813574294256e-06,
  "weight_decay": 0.003962101328767755
}