{
  "__trial_index__": 0,
  "batch_size": 8,
  "beta1": 0.9,
  "beta2": 0.999,
  "classfication_dim_stride": 34,
  "lr": 9.953634319403092e-06,
  "weight_decay": 5.394442892276063e-05
}