{
  "__trial_index__": 0,
  "batch_size": 14,
  "beta1": 0.9,
  "beta2": 0.999,
  "lr": 4.468907617864363e-07,
  "weight_decay": 7.628697887825164e-05
}