{
  "__trial_index__": 0,
  "batch_size": 14,
  "beta1": 0.9,
  "beta2": 0.999,
  "lr": 3.058367056957645e-07,
  "weight_decay": 0.007223633395075165
}