{
  "__trial_index__": 0,
  "batch_size": 8,
  "beta1": 0.9,
  "beta2": 0.999,
  "classfication_dim_stride": 112,
  "lr": 2.1693591798799312e-08,
  "weight_decay": 4.433599955544587e-06
}