{
  "__trial_index__": 0,
  "batch_size": 14,
  "beta1": 0.9,
  "beta2": 0.999,
  "lr": 5.217893466600545e-07,
  "weight_decay": 0.00777584464470708
}