{
  "__trial_index__": 0,
  "batch_size": 8,
  "beta1": 0.9,
  "beta2": 0.999,
  "classfication_dim_stride": 34,
  "lr": 5.74707138794805e-06,
  "weight_decay": 5.5767341207232705e-05
}