{
  "__trial_index__": 0,
  "batch_size": 8,
  "beta1": 0.9,
  "beta2": 0.999,
  "classfication_dim_stride": 97,
  "lr": 0.00017406913145197992,
  "weight_decay": 8.815405889706454e-05
}