{
  "__trial_index__": 0,
  "batch_size": 14,
  "beta1": 0.9,
  "beta2": 0.999,
  "lr": 1.4657966400422457e-05,
  "weight_decay": 6.15259085485569e-05
}