{
  "__trial_index__": 0,
  "batch_size": 14,
  "beta1": 0.9,
  "beta2": 0.999,
  "lr": 8.977814506827704e-06,
  "weight_decay": 0.0033131267596661802
}