{
  "__trial_index__": 0,
  "batch_size": 8,
  "beta1": 0.9,
  "beta2": 0.999,
  "classfication_dim_stride": 92,
  "lr": 2.8605358587930106e-05,
  "weight_decay": 5.0904334595111714e-05
}