{
  "__trial_index__": 0,
  "batch_size": 8,
  "beta1": 0.9,
  "beta2": 0.999,
  "classfication_dim_stride": 140,
  "lr": 6.572074907911839e-06,
  "weight_decay": 5.2842008682808074e-05
}