{
  "__trial_index__": 0,
  "batch_size": 14,
  "beta1": 0.9,
  "beta2": 0.999,
  "lr": 0.00674122511633468,
  "weight_decay": 2.2039755804071428e-05
}