{
  "__trial_index__": 0,
  "batch_size": 14,
  "beta1": 0.9,
  "beta2": 0.999,
  "lr": 1.9254333043491196e-07,
  "weight_decay": 7.268464799408054e-06
}