{
  "__trial_index__": 0,
  "batch_size": 14,
  "beta1": 0.9,
  "beta2": 0.999,
  "lr": 2.899108465501549e-07,
  "weight_decay": 0.0016332263962805186
}