{
  "__trial_index__": 0,
  "batch_size": 14,
  "beta1": 0.9,
  "beta2": 0.999,
  "lr": 2.1710544807840883e-07,
  "weight_decay": 0.0002248583418176989
}