{
  "__trial_index__": 0,
  "batch_size": 8,
  "beta1": 0.9,
  "beta2": 0.999,
  "classfication_dim_stride": 32,
  "lr": 4.880853301105732e-06,
  "weight_decay": 6.121907296942992e-05
}