{
  "__trial_index__": 0,
  "batch_size": 14,
  "beta1": 0.9,
  "beta2": 0.999,
  "lr": 4.857788702256195e-07,
  "weight_decay": 0.0041070402830832775
}