{
  "__trial_index__": 0,
  "batch_size": 8,
  "beta1": 0.9,
  "beta2": 0.999,
  "classfication_dim_stride": 453,
  "lr": 4.820469586271586e-08,
  "weight_decay": 9.038985506589518e-05
}