{
  "__trial_index__": 0,
  "batch_size": 8,
  "beta1": 0.9,
  "beta2": 0.999,
  "classfication_dim_stride": 31,
  "lr": 1.4458441414359883e-06,
  "weight_decay": 8.355133586795106e-05
}