{
  "__trial_index__": 0,
  "batch_size": 14,
  "beta1": 0.9,
  "beta2": 0.999,
  "lr": 7.877214990823468e-07,
  "weight_decay": 0.004403953487396447
}